{"cameraMode":{"drawMode":0,"name":"Shaded","section":"Shading Mode"},"sceneLighting":true,"audioPlay":false,"sceneViewState":{"showFog":true,"showMaterialUpdate":false,"showSkybox":true,"showFlares":true,"showImageEffects":true,"showParticleSystems":true},"in2DMode":false,"pivot":{"x":-0.15782713890075684,"y":0.1523158997297287,"z":0.12198662757873535},"rotation":{"x":0.31625261902809145,"y":0.025609947741031648,"z":-0.008541099727153778,"w":0.9482908248901367},"size":0.9745723605155945,"orthographic":false}